<?xml version="1.0" encoding="UTF-8"?>
<project-private xmlns="http://www.netbeans.org/ns/project-private/1">
    <editor-bookmarks xmlns="http://www.netbeans.org/ns/editor-bookmarks/2" lastBookmarkId="0"/>
    <open-files xmlns="http://www.netbeans.org/ns/projectui-open-files/2">
        <group>
            <file>file:/C:/Users/Tan%20Phat/Desktop/CS311_MAITANPHAT_4298/CS311_MAITANPHAT_4298/src/quanlyphong/QUANLYPHONG.java</file>
            <file>file:/C:/Users/Tan%20Phat/Desktop/CS311_MAITANPHAT_4298/CS311_MAITANPHAT_4298/src/quanlyphong/GUI.java</file>
            <file>file:/C:/Users/Tan%20Phat/Desktop/CS311_MAITANPHAT_4298/CS311_MAITANPHAT_4298/src/quanlyphong/DSPHONG.java</file>
            <file>file:/C:/Users/Tan%20Phat/Desktop/CS311_MAITANPHAT_4298/CS311_MAITANPHAT_4298/src/quanlyphong/ModelData.java</file>
            <file>file:/C:/Users/Tan%20Phat/Desktop/CS311_MAITANPHAT_4298/CS311_MAITANPHAT_4298/src/quanlyphong/PHONGHOP.java</file>
        </group>
    </open-files>
</project-private>
